<?xml version="1.0" encoding="UTF-8"?>
<project-private xmlns="http://www.netbeans.org/ns/project-private/1">
    <editor-bookmarks xmlns="http://www.netbeans.org/ns/editor-bookmarks/2" lastBookmarkId="0"/>
    <open-files xmlns="http://www.netbeans.org/ns/projectui-open-files/2">
        <group>
            <file>file:/C:/Users/Oscar%20Wang/Desktop/COE528/COE528/Lab03/lab3/src/lab3/main.java</file>
            <file>file:/C:/Users/Oscar%20Wang/Desktop/COE528/COE528/Lab03/lab3/src/lab3/QueueOfDistinctStrings.java</file>
        </group>
    </open-files>
</project-private>
